{
	"info": {
		"_postman_id": "2ae2f0af-60b5-4ce4-8115-ee675f545264",
		"name": "SAJ API",
		"schema": "https://schema.getpostman.com/json/collection/v2.1.0/collection.json",
		"_exporter_id": "587738"
	},
	"item": [
		{
			"name": "Consulta pagamentos",
			"request": {
				"method": "POST",
				"header": [
					{
						"Authorization": "Bearer eyJSb2xlIjoiZmluYW5jZWlyYSIsIklzc3VlciI6IkRUSUNHSiIsImV4cCI6MTcyMzU1NDAwOSwiaWF0IjoxNzIzNTU0MDA5LCJTdWJqZWN0IjoiZmluYW5jZWlyYSJ9",
						"content-type": "application/json"
					}
				 ],
				"body": {
					"mode": "raw",
					"raw": "[\"123456\"]",
					"options": {
						"raw": {
							"language": "json"
						}
					}
				},
				"url": {
					"raw": "https://portal-corregedoria.tjgo.jus.br/api/saj/listar_pagamentos",
					"protocol": "https",
					"host": [
						"portal-corregedoria",
						"tjgo",
						"jus",
						"br"
					],
					"path": [
						"api",
						"saj",
						"listar_pagamentos"
					]
				}
			},
			"response": []
		},
		{
			"name": "Consulta guias",
			"protocolProfileBehavior": {
				"disabledSystemHeaders": {}
			},
			"request": {
				"method": "POST",
				"header": [
					{
						"Authorization": "Bearer eyJSb2xlIjoiZmluYW5jZWlyYSIsIklzc3VlciI6IkRUSUNHSiIsImV4cCI6MTcyMzU1NDAwOSwiaWF0IjoxNzIzNTU0MDA5LCJTdWJqZWN0IjoiZmluYW5jZWlyYSJ9",
						"content-type": "application/json"
					}
				],
				"body": {
					"mode": "raw",
					"raw": "[\"12345613\"]",
					"options": {
						"raw": {
							"language": "json"
						}
					}
				},
				"url": {
					"raw": "https://portal-corregedoria.tjgo.jus.br/api/saj/listar_guias",
					"protocol": "https",
					"host": [
						"portal-corregedoria",
						"tjgo",
						"jus",
						"br"
					],
					"path": [
						"api",
						"saj",
						"listar_guias"
					]
				}
			},
			"response": []
		},
		{
			"name": "Cadastrar",
			"request": {
				"auth": {
					"type": "bearer",
					"bearer": [
						{
							"key": "token",
							"value": "eyJhbGciOiJIUzI1NiJ9.eyJhdXRoX2lkIjoxLCJpZGVudGlmaWNhZG9yIjoiM18xXzE2MDcyMDI0MTM1MDIwIiwiZXhwIjoxNzIzMzA4NjIxfQ.0PCdjwlEV3XcGql7UeTXMOVBYB_dfl8Rp8UjfxqFKXg",
							"type": "string"
						}
					]
				},
				"method": "POST",
				"header": [
					{
						"Authorization": "Bearer eyJSb2xlIjoiZmluYW5jZWlyYSIsIklzc3VlciI6IkRUSUNHSiIsImV4cCI6MTcyMzU1NDAwOSwiaWF0IjoxNzIzNTU0MDA5LCJTdWJqZWN0IjoiZmluYW5jZWlyYSJ9",
						"content-type": "application/json"
					}
				],
				"body": {
					"mode": "raw",
					"raw": "{\r\n    \"numeroGuia\":\"00000043420\",\r\n    \"dataEmissao\":\"2024-06-05\",\r\n    \"dataVencimento\":\"2024-06-07\",\r\n    \"tipoGuia\":\"parcela\",\r\n    \"valor\":\"621.12\",\r\n    \"cpf\":null,\r\n    \"nomePagador\":null,\r\n    \"listaGuiaItemSpg\":\r\n     [{\"codigoArrecadacao\":\"5203\",\"valorItem\":\"621.12\"}]\r\n}",
					"options": {
						"raw": {
							"language": "json"
						}
					}
				},
				"url": {
					"raw": "https://portal-corregedoria.tjgo.jus.br/api/saj/incluir_guia_financeira",
					"protocol": "https",
					"host": [
						"portal-corregedoria",
						"tjgo",
						"jus",
						"br"
					],
					"path": [
						"api",
						"saj",
						"incluir_guia_financeira"
					]
				}
			},
			"response": []
		},
		{
			"name": "New Request",
			"request": {
				"method": "GET",
				"header": []
			},
			"response": []
		}
	]
}